Date,Price,Volume
2017-03-01,1222.50,229056992.00
2017-03-02,1251.01,368275008.00
2017-03-03,1274.99,315739008.00
2017-03-04,1255.15,183270000.00
2017-03-05,1267.12,134127000.00
2017-03-06,1272.83,153656992.00
2017-03-07,1223.54,291256000.00
2017-03-08,1150.00,332603008.00
2017-03-09,1188.49,212283008.00
2017-03-10,1116.72,563795968.00
2017-03-11,1175.83,283320000.00
2017-03-12,1221.38,227176000.00
2017-03-13,1231.92,380276992.00
2017-03-14,1240.00,245306000.00
2017-03-15,1249.61,297804992.00
2017-03-16,1187.81,638568000.00
2017-03-17,1100.23,706598976.00
2017-03-18,973.82,621302016.00
2017-03-19,1036.74,406648000.00
2017-03-20,1054.23,286529984.00
2017-03-21,1120.54,337391008.00
2017-03-22,1049.14,380840992.00
2017-03-23,1038.59,248540000.00
2017-03-24,937.52,491038016.00
2017-03-25,972.78,435803008.00
2017-03-26,966.72,303668000.00
2017-03-27,1045.77,372535008.00
2017-03-28,1047.15,326332000.00
2017-03-29,1039.97,298457984.00
2017-03-30,1026.43,352968992.00
2017-03-31,1071.79,447287008.00
2017-04-01,1080.50,289633984.00
2017-04-02,1102.17,514187008.00
2017-04-03,1143.81,580444032.00
2017-04-04,1133.25,436310016.00
2017-04-05,1124.78,414784000.00
2017-04-06,1182.68,511222016.00
2017-04-07,1176.90,317022016.00
2017-04-08,1175.95,209312000.00
2017-04-09,1187.87,242343008.00
2017-04-10,1187.13,215883008.00
2017-04-11,1205.01,216182000.00
2017-04-12,1200.37,288702016.00
2017-04-13,1169.28,351968992.00
2017-04-14,1167.54,254827008.00
2017-04-15,1172.52,203559008.00
2017-04-16,1182.94,183231008.00
2017-04-17,1193.91,253206000.00
2017-04-18,1211.67,270524000.00
2017-04-19,1210.29,288060992.00
2017-04-20,1229.08,315108000.00
2017-04-21,1222.05,272167008.00
2017-04-22,1231.71,249320000.00
2017-04-23,1207.21,258951008.00
2017-04-24,1250.15,235806000.00
2017-04-25,1265.49,242556000.00
2017-04-26,1281.08,329631008.00
2017-04-27,1317.73,449196992.00
2017-04-28,1316.48,527488992.00
2017-04-29,1321.79,422705984.00
2017-04-30,1347.89,413115008.00
2017-05-01,1421.60,713624000.00
2017-05-02,1452.82,477337984.00
2017-05-03,1490.09,583795968.00
2017-05-04,1537.67,933548992.00
2017-05-05,1555.45,946035968.00
2017-05-06,1578.80,582529984.00
2017-05-07,1596.71,1080029952.00
2017-05-08,1723.35,1340320000.00
2017-05-09,1755.36,1167920000.00
2017-05-10,1787.13,915723008.00
2017-05-11,1848.57,799489984.00
2017-05-12,1724.24,740984000.00
2017-05-13,1804.91,579635008.00
2017-05-14,1808.91,437196000.00
2017-05-15,1738.43,731529024.00
2017-05-16,1734.45,959044992.00
2017-05-17,1839.09,1064729984.00
2017-05-18,1888.65,894321024.00
2017-05-19,1987.71,1157289984.00
2017-05-20,2084.73,961336000.00
2017-05-21,2041.20,1147859968.00
2017-05-22,2173.40,1942220032.00
2017-05-23,2320.42,1378749952.00
2017-05-24,2443.64,1725379968.00
2017-05-25,2304.98,2406700032.00
2017-05-26,2202.42,1763480064.00
2017-05-27,2038.87,1700480000.00
2017-05-28,2155.80,1147139968.00
2017-05-29,2255.61,994625024.00
2017-05-30,2175.47,1443970048.00
2017-05-31,2286.41,1544829952.00
2017-06-01,2407.88,1653180032.00
2017-06-02,2488.55,1317030016.00
2017-06-03,2515.35,1514950016.00
2017-06-04,2511.81,1355120000.00
2017-06-05,2686.81,1369309952.00
2017-06-06,2863.20,2089609984.00
2017-06-07,2732.16,1517709952.00
2017-06-08,2805.62,1281170048.00
2017-06-09,2823.81,1348950016.00
2017-06-10,2947.71,2018889984.00
2017-06-11,2958.11,1752400000.00
2017-06-12,2659.63,2569530112.00
2017-06-13,2717.02,1781200000.00
2017-06-14,2506.37,1696560000.00
2017-06-15,2464.58,2026259968.00
2017-06-16,2518.56,1195190016.00
2017-06-17,2655.88,1534509952.00
2017-06-18,2548.29,1178659968.00
2017-06-19,2589.60,1446840064.00
2017-06-20,2721.79,1854189952.00
2017-06-21,2689.10,1626579968.00
2017-06-22,2705.41,1097939968.00
2017-06-23,2744.91,961318976.00
2017-06-24,2608.72,982750016.00
2017-06-25,2589.41,1161100032.00
2017-06-26,2478.45,1663280000.00
2017-06-27,2552.45,1489789952.00
2017-06-28,2574.79,1183869952.00
2017-06-29,2539.32,949979008.00
2017-06-30,2480.84,860273024.00
2017-07-01,2434.55,779913984.00
2017-07-02,2506.47,803747008.00
2017-07-03,2564.06,964112000.00
2017-07-04,2601.64,985516032.00
2017-07-05,2601.99,941566016.00
2017-07-06,2608.56,761956992.00
2017-07-07,2518.66,917411968.00
2017-07-08,2571.34,733329984.00
2017-07-09,2518.44,527856000.00
2017-07-10,2372.56,1111200000.00
2017-07-11,2337.79,1329760000.00
2017-07-12,2398.84,1117410048.00
2017-07-13,2357.90,835769984.00
2017-07-14,2233.34,882502976.00
2017-07-15,1998.86,993608000.00
2017-07-16,1929.82,1182870016.00
2017-07-17,2228.41,1201760000.00
2017-07-18,2318.88,1512450048.00
2017-07-19,2273.43,1245100032.00
2017-07-20,2817.60,2249260032.00
2017-07-21,2667.76,1489449984.00
2017-07-22,2810.12,1177129984.00
2017-07-23,2730.40,1072840000.00
2017-07-24,2754.86,866473984.00
2017-07-25,2576.48,1460089984.00
2017-07-26,2529.45,937404032.00
2017-07-27,2671.78,789104000.00
2017-07-28,2809.01,1380099968.00
2017-07-29,2726.45,803745984.00
2017-07-30,2757.18,705942976.00
2017-07-31,2875.34,860574976.00
2017-08-01,2718.26,1324669952.00
2017-08-02,2710.67,1094950016.00
2017-08-03,2804.73,804796992.00
2017-08-04,2895.89,1002120000.00
2017-08-05,3252.91,1945699968.00
2017-08-06,3213.94,1105030016.00
2017-08-07,3378.94,1482279936.00
2017-08-08,3419.94,1752760064.00
2017-08-09,3342.47,1468960000.00
2017-08-10,3381.28,1515110016.00
2017-08-11,3650.62,2021190016.00
2017-08-12,3884.71,2219589888.00
2017-08-13,4073.26,3159089920.00
2017-08-14,4325.13,2463089920.00
2017-08-15,4181.93,3258050048.00
2017-08-16,4376.63,2272039936.00
2017-08-17,4331.69,2553359872.00
2017-08-18,4160.62,2941710080.00
2017-08-19,4193.70,2975820032.00
2017-08-20,4087.66,2109769984.00
2017-08-21,4001.74,2800890112.00
2017-08-22,4100.52,3764239872.00
2017-08-23,4151.52,2369819904.00
2017-08-24,4334.68,2037750016.00
2017-08-25,4371.60,1727970048.00
2017-08-26,4352.40,1511609984.00
2017-08-27,4382.88,1537459968.00
2017-08-28,4382.66,1959330048.00
2017-08-29,4579.02,2486080000.00
2017-08-30,4565.30,1937849984.00
2017-08-31,4703.39,1944930048.00
2017-09-01,4892.01,2599079936.00
2017-09-02,4578.77,2722139904.00
2017-09-03,4582.96,1933190016.00
2017-09-04,4236.31,2987330048.00
2017-09-05,4376.53,2697969920.00
2017-09-06,4597.12,2172100096.00
2017-09-07,4599.88,1844620032.00
2017-09-08,4228.75,2700890112.00
2017-09-09,4226.06,1386230016.00
2017-09-10,4122.94,1679090048.00
2017-09-11,4161.27,1557330048.00
2017-09-12,4130.81,1864530048.00
2017-09-13,3882.59,2219409920.00
2017-09-14,3154.95,2716310016.00
2017-09-15,3637.52,4148069888.00
2017-09-16,3625.04,1818400000.00
2017-09-17,3582.88,1239149952.00
2017-09-18,4065.20,1943209984.00
2017-09-19,3924.97,1563980032.00
2017-09-20,3905.95,1213830016.00
2017-09-21,3631.04,1411480064.00
2017-09-22,3630.70,1194829952.00
2017-09-23,3792.40,928113984.00
2017-09-24,3682.84,768014976.00
2017-09-25,3926.07,1374210048.00
2017-09-26,3892.35,1043740032.00
2017-09-27,4200.67,1686880000.00
2017-09-28,4174.73,1712320000.00
2017-09-29,4163.07,1367049984.00
2017-09-30,4338.71,1207449984.00
2017-10-01,4403.74,1208210048.00
2017-10-02,4409.32,1431730048.00
2017-10-03,4317.48,1288019968.00
2017-10-04,4229.36,1116770048.00
2017-10-05,4328.41,1161769984.00
2017-10-06,4370.81,1069939968.00
2017-10-07,4426.89,906928000.00
2017-10-08,4610.48,1313869952.00
2017-10-09,4772.02,1968739968.00
2017-10-10,4781.99,1597139968.00
2017-10-11,4826.48,1222279936.00
2017-10-12,5446.91,2791610112.00
2017-10-13,5647.21,3615480064.00
2017-10-14,5831.79,1669030016.00
2017-10-15,5678.19,1976039936.00
2017-10-16,5725.59,2008070016.00
2017-10-17,5605.51,1821570048.00
2017-10-18,5590.69,2399269888.00
2017-10-19,5708.52,1780540032.00
2017-10-20,6011.45,2354429952.00
2017-10-21,6031.60,2207099904.00
2017-10-22,6008.42,2034630016.00
2017-10-23,5930.32,2401840128.00
2017-10-24,5526.64,2735699968.00
2017-10-25,5750.80,1966989952.00
2017-10-26,5904.83,1905040000.00
2017-10-27,5780.90,1710130048.00
2017-10-28,5753.09,1403920000.00
2017-10-29,6153.85,2859040000.00
2017-10-30,6130.53,1772150016.00
2017-10-31,6468.40,2311379968.00
2017-11-01,6767.31,2870320128.00
2017-11-02,7078.50,4653770240.00
2017-11-03,7207.76,3369860096.00
2017-11-04,7379.95,2483800064.00
2017-11-05,7407.41,2380410112.00
2017-11-06,7022.76,3111899904.00
2017-11-07,7144.38,2326340096.00
2017-11-08,7459.69,4602200064.00
2017-11-09,7143.58,3226249984.00
2017-11-10,6618.14,5208249856.00
2017-11-11,6357.60,4908680192.00
2017-11-12,5950.07,8957349888.00
2017-11-13,6559.49,6263249920.00
2017-11-14,6635.75,3197110016.00
2017-11-15,7315.54,4200880128.00
2017-11-16,7871.69,5123809792.00
2017-11-17,7708.99,4651670016.00
2017-11-18,7790.15,3667190016.00
2017-11-19,8036.49,3149319936.00
2017-11-20,8200.64,3488450048.00
2017-11-21,8071.26,4277609984.00
2017-11-22,8253.55,3633530112.00
2017-11-23,8038.77,4225179904.00
2017-11-24,8253.69,5058610176.00
2017-11-25,8790.92,4342060032.00
2017-11-26,9330.55,5475579904.00
2017-11-27,9818.35,5653320192.00
2017-11-28,10058.80,6348819968.00
2017-11-29,9888.61,11568799744.00
2017-11-30,10233.60,8310689792.00
2017-12-01,10975.60,6783119872.00
2017-12-02,11074.60,5138500096.00
2017-12-03,11323.20,6608309760.00
2017-12-04,11657.20,6132409856.00
2017-12-05,11916.70,6895260160.00
2017-12-06,14291.50,12656300032.00
2017-12-07,17899.70,17950699520.00
2017-12-08,16569.40,21135998976.00
2017-12-09,15178.20,13911300096.00
2017-12-10,15455.40,13433299968.00
2017-12-11,16936.80,12153900032.00
2017-12-12,17415.40,14603799552.00
2017-12-13,16408.20,12976900096.00
2017-12-14,16564.00,13777399808.00
2017-12-15,17706.90,14309999616.00
2017-12-16,19497.40,12740599808.00
2017-12-17,19140.80,13314599936.00
2017-12-18,19114.20,14839499776.00
2017-12-19,17776.70,16894499840.00
2017-12-20,16624.60,22149699584.00
2017-12-21,15802.90,16516599808.00
2017-12-22,13831.80,22197999616.00
2017-12-23,14699.20,13086000128.00
2017-12-24,13925.80,11572299776.00
2017-12-25,14026.60,10664699904.00
2017-12-26,16099.80,13454300160.00
2017-12-27,15838.50,12487600128.00
2017-12-28,14606.50,12336499712.00
2017-12-29,14656.20,13025500160.00
2017-12-30,12952.20,14452599808.00
2017-12-31,14156.40,12136299520.00
2018-01-01,13657.20,10291200000.00
2018-01-02,14982.10,16846600192.00
2018-01-03,15201.00,16871900160.00
2018-01-04,15599.20,21783199744.00
2018-01-05,17429.50,23840899072.00
2018-01-06,17527.00,18314600448.00
2018-01-07,16477.60,15866000384.00
2018-01-08,15170.10,18413899776.00
2018-01-09,14595.40,16659999744.00
2018-01-10,14973.30,18500800512.00
2018-01-11,13405.80,16534099968.00
2018-01-12,13980.60,12065699840.00
2018-01-13,14360.20,12763599872.00
2018-01-14,13772.00,11084099584.00
2018-01-15,13819.80,12750799872.00
2018-01-16,11490.50,18853799936.00
2018-01-17,11188.60,18830600192.00
2018-01-18,11474.90,15020399616.00
2018-01-19,11607.40,10740400128.00
2018-01-20,12899.20,11801700352.00
2018-01-21,11600.10,9935179776.00
2018-01-22,10931.40,10537400320.00
2018-01-23,10868.40,9660609536.00
2018-01-24,11359.40,9940989952.00
2018-01-25,11259.40,8873169920.00
2018-01-26,11171.40,9746199552.00
2018-01-27,11440.70,7583269888.00
2018-01-28,11786.30,8350360064.00
2018-01-29,11296.40,7107359744.00
2018-01-30,10106.30,8637859840.00
2018-01-31,10221.10,8041160192.00
2018-02-01,9170.54,9959400448.00
2018-02-02,8830.75,12726899712.00
2018-02-03,9174.91,7263790080.00
2018-02-04,8277.01,7073549824.00
2018-02-05,6955.27,9285289984.00
2018-02-06,7754.00,13999800320.00
2018-02-07,7621.30,9169280000.00
2018-02-08,8265.59,9346750464.00
2018-02-09,8736.98,6784820224.00
2018-02-10,8621.90,7780960256.00
2018-02-11,8129.97,6122189824.00
2018-02-12,8926.57,6256439808.00
2018-02-13,8598.31,5696719872.00
2018-02-14,9494.63,7909819904.00
2018-02-15,10166.40,9062540288.00
2018-02-16,10233.90,7296159744.00
2018-02-17,11112.70,8660880384.00
2018-02-18,10551.80,8744009728.00
2018-02-19,11225.30,7652089856.00
2018-02-20,11403.70,9926540288.00
2018-02-21,10690.40,9405339648.00
2018-02-22,10005.00,8040079872.00
2018-02-23,10301.10,7739500032.00
2018-02-24,9813.07,6917929984.00
2018-02-25,9664.73,5706939904.00
2018-02-26,10366.70,7287690240.00
2018-02-27,10725.60,6966179840.00
2018-02-28,10397.90,6936189952.00
2018-03-01,10951.00,7317279744.00
2018-03-02,11086.40,7620590080.00
2018-03-03,11489.70,6690570240.00
2018-03-04,11512.60,6084149760.00
2018-03-05,11573.30,6468539904.00
2018-03-06,10779.90,6832169984.00
2018-03-07,9965.57,8797910016.00
2018-03-08,9395.01,7186089984.00
2018-03-09,9337.55,8704190464.00
2018-03-10,8866.00,5386319872.00
2018-03-11,9578.63,6296370176.00
2018-03-12,9205.12,6457399808.00
2018-03-13,9194.85,5991139840.00
2018-03-14,8269.81,6438230016.00
2018-03-15,8300.86,6834429952.00
2018-03-16,8338.35,5289379840.00
2018-03-17,7916.88,4426149888.00
2018-03-18,8223.68,6639190016.00
2018-03-19,8630.65,6729110016.00
2018-03-20,8913.47,6361789952.00
2018-03-21,8929.28,6043129856.00
2018-03-22,8728.47,5530390016.00
2018-03-23,8879.62,5954120192.00
2018-03-24,8668.12,5664600064.00
2018-03-25,8495.78,4569880064.00
2018-03-26,8209.40,5921039872.00
2018-03-27,7833.04,5378250240.00
2018-03-28,7954.48,4935289856.00
2018-03-29,7165.70,6361229824.00
2018-03-30,6890.52,6289509888.00
2018-03-31,6973.53,4553269760.00
2018-04-01,6844.23,4532100096.00
2018-04-02,7083.80,4333440000.00
2018-04-03,7456.11,5499700224.00
2018-04-04,6853.84,4936000000.00
2018-04-05,6811.47,5639320064.00
2018-04-06,6636.32,3766810112.00
2018-04-07,6911.09,3976610048.00
2018-04-08,7023.52,3652499968.00
2018-04-09,6770.73,4894060032.00
2018-04-10,6834.76,4272750080.00
2018-04-11,6968.32,4641889792.00
2018-04-12,7889.25,8906250240.00
2018-04-13,7895.96,7764460032.00
2018-04-14,7986.24,5191430144.00
2018-04-15,8329.11,5244480000.00
2018-04-16,8058.67,5631309824.00
2018-04-17,7902.09,6900879872.00
2018-04-18,8163.42,6529909760.00
2018-04-19,8294.31,7063209984.00
2018-04-20,8845.83,8438110208.00
2018-04-21,8895.58,7548550144.00
2018-04-22,8802.46,6629899776.00
2018-04-23,8930.88,6925190144.00
2018-04-24,9697.50,10678800384.00
2018-04-25,8845.74,11083100160.00
2018-04-26,9281.51,8970559488.00
2018-04-27,8987.05,7566289920.00
2018-04-28,9348.48,7805479936.00
2018-04-29,9419.08,8853000192.00
2018-04-30,9240.55,8673920000.00
2018-05-01,9119.01,7713019904.00
2018-05-02,9235.92,7558159872.00
2018-05-03,9743.86,10207299584.00
2018-05-04,9700.76,8217829888.00
2018-05-05,9858.15,7651939840.00
2018-05-06,9654.80,7222280192.00
2018-05-07,9373.01,7394019840.00
2018-05-08,9234.82,7415869952.00
2018-05-09,9325.18,7226890240.00
2018-05-10,9043.94,6906699776.00
2018-05-11,8441.49,8488520192.00
2018-05-12,8504.89,6821380096.00
2018-05-13,8723.94,5866379776.00
2018-05-14,8716.79,7364149760.00
2018-05-15,8510.38,6705710080.00
2018-05-16,8368.83,6760220160.00
2018-05-17,8094.32,5862530048.00
2018-05-18,8250.97,5764190208.00
2018-05-19,8247.18,4712399872.00
2018-05-20,8513.25,5191059968.00
2018-05-21,8418.99,5154990080.00
2018-05-22,8041.78,5137010176.00
2018-05-23,7557.82,6491120128.00
2018-05-24,7587.34,6049220096.00
2018-05-25,7480.14,4867829760.00
2018-05-26,7355.88,4051539968.00
2018-05-27,7368.22,4056519936.00
2018-05-28,7135.99,5040600064.00
2018-05-29,7472.59,5662660096.00
2018-05-30,7406.52,4922540032.00
2018-05-31,7494.17,5127130112.00
2018-06-01,7541.45,4921460224.00
2018-06-02,7643.45,4939299840.00
2018-06-03,7720.25,4851760128.00
2018-06-04,7514.47,4993169920.00
2018-06-05,7633.76,4961739776.00
2018-06-06,7653.98,4692259840.00
2018-06-07,7678.24,4485799936.00
2018-06-08,7624.92,4227579904.00
2018-06-09,7531.98,3845220096.00
2018-06-10,6786.02,5804839936.00
2018-06-11,6906.92,4745269760.00
2018-06-12,6582.36,4654380032.00
2018-06-13,6349.90,5052349952.00
2018-06-14,6675.35,5138710016.00
2018-06-15,6456.58,3955389952.00
2018-06-16,6550.16,3194170112.00
2018-06-17,6499.27,3104019968.00
2018-06-18,6734.82,4039200000.00
2018-06-19,6769.94,4057029888.00
2018-06-20,6776.55,3888640000.00
2018-06-21,6729.74,3529129984.00
2018-06-22,6083.69,5079810048.00
2018-06-23,6162.48,3431360000.00
2018-06-24,6173.23,4566909952.00
2018-06-25,6249.18,5500810240.00
2018-06-26,6093.67,3279759872.00
2018-06-27,6157.13,3296219904.00
2018-06-28,5903.44,3467800064.00
2018-06-29,6218.30,3966230016.00
2018-06-30,6404.00,4543860224.00
2018-07-01,6385.82,4788259840.00
2018-07-02,6614.18,4396930048.00
2018-07-03,6529.59,4672309760.00
2018-07-04,6597.55,4176689920.00
2018-07-05,6639.14,4999240192.00
2018-07-06,6673.50,4313959936.00
2018-07-07,6856.93,3961080064.00
2018-07-08,6773.88,3386210048.00
2018-07-09,6741.75,3718129920.00
2018-07-10,6329.95,4052430080.00
2018-07-11,6394.71,3644859904.00
2018-07-12,6228.81,3770170112.00
2018-07-13,6238.05,3805400064.00
2018-07-14,6276.12,2923670016.00
2018-07-15,6359.64,3285459968.00
2018-07-16,6741.75,4725799936.00
2018-07-17,7321.04,5961950208.00
2018-07-18,7370.78,6103410176.00
2018-07-19,7466.86,5111629824.00
2018-07-20,7354.13,4936869888.00
2018-07-21,7419.29,3726609920.00
2018-07-22,7418.49,3695460096.00
2018-07-23,7711.11,5132480000.00
2018-07-24,8424.27,7277689856.00
2018-07-25,8181.39,5845400064.00
2018-07-26,7951.58,4899089920.00
2018-07-27,8165.01,5195879936.00
2018-07-28,8192.15,3988750080.00
2018-07-29,8218.46,4107190016.00
2018-07-30,8180.48,5551400000.00
2018-07-31,7780.44,5287530000.00
2018-08-01,7624.91,4797620000.00
2018-08-02,7567.15,4214110000.00
2018-08-03,7434.39,4627150000.00
2018-08-04,7032.85,4268390000.00
2018-08-05,7068.48,3679110000.00
2018-08-06,6951.80,3925900000.00
2018-08-07,6753.12,4682800000.00
2018-08-08,6305.80,5064430000.00
2018-08-09,6568.23,4267040000.00
2018-08-10,6184.71,4528680000.00
2018-08-11,6295.73,4047850000.00
2018-08-12,6322.69,5665250000.00
2018-08-13,6297.57,4083980000.00
2018-08-14,6199.71,5301700000.00
2018-08-15,6308.52,4895450000.00
2018-08-16,6334.73,4328420000.00
2018-08-17,6580.63,4992990000.00
2018-08-18,6423.76,3984520000.00
2018-08-19,6506.07,3311170000.00
2018-08-20,6308.53,3665100000.00
2018-08-21,6488.76,3377180000.00
2018-08-22,6376.71,4668110000.00
2018-08-23,6534.88,3426180000.00
2018-08-24,6719.96,4097820000.00
2018-08-25,6763.19,3312600000.00
2018-08-26,6707.26,3295500000.00
2018-08-27,6884.64,4019000000.00
2018-08-28,7096.28,4659940000.00
2018-08-29,7047.16,4145880000.00
2018-08-30,6978.23,4463250000.00
2018-08-31,7037.58,4495650000.00
2018-09-01,7193.25,4116050000.00
2018-09-02,7272.72,4329540000.00
2018-09-03,7260.06,4087760000.00
2018-09-04,7361.66,4273640000.00
2018-09-05,6792.83,5800460000.00
2018-09-06,6529.17,5523470000.00
2018-09-07,6467.07,4264680000.00
2018-09-08,6225.98,3835060000.00
2018-09-09,6300.86,3671890000.00
2018-09-10,6329.70,3714100000.00
2018-09-11,6321.20,3849910000.00
2018-09-12,6351.80,4064230000.00
2018-09-13,6517.31,4210910000.00
2018-09-14,6512.71,4076220000.00
2018-09-15,6543.20,3216300000.00
2018-09-16,6517.18,3273730000.00
2018-09-17,6281.20,3910780000.00
2018-09-18,6371.30,4180090000.00
2018-09-19,6398.54,4431340000.00
2018-09-20,6519.67,4348110000.00
2018-09-21,6734.95,6531940000.00
2018-09-22,6721.98,4509660000.00
2018-09-23,6710.63,4197500000.00
2018-09-24,6595.41,4177310000.00
2018-09-25,6446.47,4726180000.00
2018-09-26,6495.00,4437300000.00
2018-09-27,6676.75,4606810000.00
2018-09-28,6644.13,5014430000.00
2018-09-29,6601.96,4363690000.00
2018-09-30,6625.56,4002280000.00
2018-10-01,6589.62,4000970000.00
2018-10-02,6556.10,3979260000.00
2018-10-03,6502.59,3887310000.00
2018-10-04,6576.69,3838410000.00
2018-10-05,6622.48,3671500000.00
2018-10-06,6588.31,3259740000.00
2018-10-07,6602.95,3306630000.00
2018-10-08,6652.23,3979460000.00
2018-10-09,6642.64,3580810000.00
2018-10-10,6585.53,3787650000.00
2018-10-11,6256.24,5181640000.00
2018-10-12,6274.58,3783500000.00
2018-10-13,6285.99,3064030000.00
2018-10-14,6290.93,3085320000.00
2018-10-15,6596.54,7370770000.00
2018-10-16,6596.11,4074800000.00
2018-10-17,6544.43,4088420000.00
2018-10-18,6476.71,3924080000.00
2018-10-19,6465.41,3578870000.00
2018-10-20,6489.19,3379130000.00
2018-10-21,6482.35,3253610000.00
2018-10-22,6487.16,3672860000.00
2018-10-23,6475.74,3716150000.00
2018-10-24,6495.84,3424670000.00
2018-10-25,6476.29,3230550000.00
2018-10-26,6474.75,3306050000.00
2018-10-27,6480.38,3393250000.00
2018-10-28,6486.39,3445190000.00
2018-10-29,6332.63,4199910000.00
2018-10-30,6334.27,3781100000.00
2018-10-31,6317.61,4191240000.00
2018-11-01,6377.78,3789400000.00
2018-11-02,6388.44,4234870000.00
2018-11-03,6361.26,3658640000.00
2018-11-04,6376.13,4390020000.00
2018-11-05,6419.66,4174800000.00
2018-11-06,6461.01,4700040000.00
2018-11-07,6530.14,4941260000.00
2018-11-08,6453.72,4665260000.00
2018-11-09,6385.62,4346820000.00
2018-11-10,6409.22,3705320000.00
2018-11-11,6411.27,3939060000.00
2018-11-12,6371.27,4295770000.00
2018-11-13,6359.49,4503800000.00
2018-11-14,5738.35,7398940000.00
2018-11-15,5648.03,7032140000.00
2018-11-16,5575.55,5279320000.00
2018-11-17,5554.33,4303150000.00
2018-11-18,5623.54,4159680000.00
2018-11-19,4871.49,7039560000.00
2018-11-20,4451.87,8428290000.00
2018-11-21,4602.17,6120120000.00
2018-11-22,4365.94,4569370000.00
2018-11-23,4347.11,4871490000.00
2018-11-24,3880.76,4679500000.00
2018-11-25,4009.97,6825640000.00
2018-11-26,3779.13,6476900000.00
2018-11-27,3820.72,5998720000.00
2018-11-28,4257.42,7280280000.00
2018-11-29,4278.85,6503347767.19
2018-11-30,4017.27,6048016716.85
2018-12-01,4214.67,5375314093.10
2018-12-02,4139.88,5262697895.12
2018-12-03,3894.13,5089570993.52
2018-12-04,3956.89,5028069239.31
2018-12-05,3753.99,5302481573.52
2018-12-06,3521.10,5878333109.03
2018-12-07,3419.94,6835615448.40
2018-12-08,3476.11,5305024497.06
2018-12-09,3614.23,4947372847.28
2018-12-10,3502.66,5020968740.04
2018-12-11,3424.59,4696765187.88
2018-12-12,3486.95,4139364828.95
2018-12-13,3313.68,4343372456.25
2018-12-14,3242.48,4372763663.29
2018-12-15,3236.76,3551763561.38
2018-12-16,3252.84,3744248994.38
2018-12-17,3545.86,5409247918.12
2018-12-18,3696.06,5911325472.51
2018-12-19,3745.95,6810689118.78
2018-12-20,4134.44,8927129279.05
2018-12-21,3896.54,7206015706.48
2018-12-22,4014.18,5605823232.54
2018-12-23,3998.98,6151275489.92
2018-12-24,4078.60,7240968501.11
2018-12-25,3815.49,6158207293.44
2018-12-26,3857.30,5326547918.24
2018-12-27,3654.83,5130222366.47
2018-12-28,3923.92,5631554348.36
2018-12-29,3820.41,4991655917.48
2018-12-30,3865.95,4770578574.97
2018-12-31,3742.70,4661840806.32
2019-01-01,3843.52,4324200990.19
2019-01-02,3943.41,5244856835.71
2019-01-03,3836.74,4530215218.84
2019-01-04,3857.72,4847965467.09
2019-01-05,3845.19,5137609823.76
2019-01-06,4076.63,5597027439.60
2019-01-07,4025.25,5228625637.09
2019-01-08,4030.85,5306593305.07
2019-01-09,4035.30,5115905224.63
2019-01-10,3678.92,6874143795.72
2019-01-11,3687.37,5538712864.66
2019-01-12,3661.30,4778170882.56
2019-01-13,3552.95,4681302465.82
2019-01-14,3706.05,5651384489.83
2019-01-15,3630.68,5537192301.96
2019-01-16,3655.01,5394457144.65
2019-01-17,3678.56,5464420383.38
2019-01-18,3657.84,5002961726.83
2019-01-19,3728.57,5955691379.94
2019-01-20,3601.01,5582489559.53
2019-01-21,3576.03,5004347059.45
2019-01-22,3604.58,5313623556.01
2019-01-23,3585.12,5433755648.65
2019-01-24,3600.87,5262869046.44
2019-01-25,3599.77,5265847538.53
2019-01-26,3602.46,5098183234.66
2019-01-27,3583.97,5570752966.31
2019-01-28,3470.45,6908930483.47
2019-01-29,3448.12,5897159492.97
2019-01-30,3486.18,5955112626.76
2019-01-31,3457.79,5831198270.87
2019-02-01,3487.95,5422926707.35
2019-02-02,3521.06,5071623600.97
2019-02-03,3464.01,5043937583.95
2019-02-04,3459.15,5332718886.31
2019-02-05,3466.36,5227549544.89
2019-02-06,3413.77,5482196037.61
2019-02-07,3399.47,5004962682.81
2019-02-08,3666.78,7735623101.05
2019-02-09,3671.20,6158833644.65
2019-02-10,3690.19,6282256902.92
2019-02-11,3648.43,6277056433.57
2019-02-12,3653.53,6480384531.73
2019-02-13,3632.07,6438903822.53
2019-02-14,3616.88,6271044417.92
2019-02-15,3620.81,6091952230.59
2019-02-16,3629.79,5934744051.70
2019-02-17,3673.84,7039512502.62
2019-02-18,3915.71,9908216640.36
2019-02-19,3947.09,9933626654.82
2019-02-20,3999.82,8693373948.01
2019-02-21,3954.12,7775128102.44
2019-02-22,4005.53,7826525254.38
2019-02-23,4142.53,8922258315.77
2019-02-24,3810.43,10794227451.22
2019-02-25,3882.70,9318796066.67
2019-02-26,3854.36,7931218996.38
2019-02-27,3851.05,8301309684.14
2019-02-28,3854.79,8399767798.46
2019-03-01,3859.58,7661247975.11
2019-03-02,3864.42,7578786075.61
2019-03-03,3847.18,7253558152.32
2019-03-04,3761.56,9029175787.94
2019-03-05,3896.38,10174126414.53
2019-03-06,3903.94,9175291528.52
2019-03-07,3911.48,9584165518.68
2019-03-08,3901.13,10638638944.00
2019-03-09,3963.31,10796103518.22
2019-03-10,3951.60,9713267606.58
2019-03-11,3905.23,10125901902.73
2019-03-12,3909.16,9809887079.44
2019-03-13,3906.72,9469184841.22
2019-03-14,3924.37,10480789569.59
2019-03-15,3960.91,9394210604.86
2019-03-16,4048.73,9856166973.21
2019-03-17,4025.23,8221625399.66
2019-03-18,4032.51,9646954186.21
2019-03-19,4071.19,9344919956.27
2019-03-20,4087.48,10175916388.28
2019-03-21,4029.33,10831212661.69
2019-03-22,4023.97,9252935969.12
2019-03-23,4035.83,9578850549.21
2019-03-24,4022.17,9144851065.00
2019-03-25,3963.07,10359818882.72
2019-03-26,3985.08,10707678814.87
2019-03-27,4087.07,10897131934.18
2019-03-28,4069.11,9353915899.02
2019-03-29,4098.37,10918665556.75
2019-03-30,4106.66,9732688060.43
2019-03-31,4105.40,9045122442.87
2019-04-01,4158.18,10157794170.60
2019-04-02,4879.88,21315047816.20
2019-04-03,4973.02,22899891582.39
2019-04-04,4922.80,18251810239.61
2019-04-05,5036.68,16837325387.24
2019-04-06,5059.82,16929795193.69
2019-04-07,5198.90,16655416140.27
2019-04-08,5289.77,17154113634.32
2019-04-09,5204.96,14722104361.40
2019-04-10,5324.55,15504590933.27
2019-04-11,5064.49,16555616019.11
2019-04-12,5089.54,13675206312.50
2019-04-13,5096.59,10823289598.31
2019-04-14,5167.72,10391952498.03
2019-04-15,5067.11,12290155060.92
2019-04-16,5235.56,11618660197.33
2019-04-17,5251.94,12438480676.61
2019-04-18,5298.39,13256489918.09
2019-04-19,5303.81,13780238655.18
2019-04-20,5337.89,13169647522.18
2019-04-21,5314.53,13731844222.82
2019-04-22,5399.37,14601631648.00
2019-04-23,5572.36,15867308107.98
2019-04-24,5464.87,17048033399.09
2019-04-25,5210.52,15330283408.05
2019-04-26,5279.35,16812108039.63
2019-04-27,5268.29,13111274675.11
2019-04-28,5285.14,12819992055.63
2019-04-29,5247.35,13735490672.32
2019-04-30,5350.73,13878964573.80
2019-05-01,5402.70,13679528236.45
2019-05-02,5505.28,14644460907.01
2019-05-03,5768.29,18720780005.73
2019-05-04,5831.17,17567780765.61
2019-05-05,5795.71,14808830722.93
2019-05-06,5746.81,15737171804.18
2019-05-07,5829.50,18026409032.59
2019-05-08,5982.46,15320605299.60
2019-05-09,6174.53,16784645410.80
2019-05-10,6378.85,19419875367.61
2019-05-11,7204.77,28867562329.30
2019-05-12,6972.37,27773333679.68
2019-05-13,7814.92,28677672181.45
2019-05-14,7994.42,32031452226.82
2019-05-15,8205.17,28344112919.57
2019-05-16,7884.91,33167197581.02
2019-05-17,7343.90,30066644905.13
2019-05-18,7271.21,21354286561.99
2019-05-19,8197.69,25902422039.65
2019-05-20,7978.31,23843404339.51
2019-05-21,7963.33,25127245056.40
2019-05-22,7680.07,24719473174.97
2019-05-23,7881.85,24457107820.10
2019-05-24,7987.37,25919126990.99
2019-05-25,8052.54,22256813106.57
2019-05-26,8673.22,26677970091.50
2019-05-27,8805.78,27949839563.94
2019-05-28,8719.96,24226919266.66
2019-05-29,8659.49,23473479966.11
2019-05-30,8319.47,29246528551.20
2019-05-31,8574.50,25365190957.39
2019-06-01,8564.02,22488303543.95
2019-06-02,8742.96,20266216022.16
2019-06-03,8208.99,22004511436.01
2019-06-04,7707.77,24609731548.79
2019-06-05,7824.23,21760923463.03
2019-06-06,7822.02,19474611077.37
2019-06-07,8043.95,19141423230.79
2019-06-08,7954.13,16522722809.91
2019-06-09,7688.08,16610726547.05
2019-06-10,8000.33,18689275117.47
2019-06-11,7927.71,17107279931.99
2019-06-12,8145.86,19034432883.38
2019-06-13,8230.92,18669407147.43
2019-06-14,8693.83,19831162905.97
2019-06-15,8838.38,18371033226.45
2019-06-16,8994.49,23348550310.97
2019-06-17,9320.35,15562951918.83
2019-06-18,9081.76,15848210535.50
2019-06-19,9273.52,15546809946.03
2019-06-20,9527.16,17846823783.90
2019-06-21,10144.56,20624008643.44
2019-06-22,10701.69,29995204860.64
2019-06-23,10855.37,20998326501.96
2019-06-24,11011.10,19271652364.85
2019-06-25,11790.92,24879684533.05
2019-06-26,13016.23,45105733173.19
2019-06-27,11182.81,39977475222.63
2019-06-28,12407.33,35087757765.86
2019-06-29,11959.37,29923961127.78
2019-06-30,10817.16,27256473494.47
2019-07-01,10583.13,29378589324.45
2019-07-02,10801.68,31015895222.96
2019-07-03,11961.27,30796494293.77
2019-07-04,11215.44,25920294033.34
2019-07-05,10978.46,23838480210.05
2019-07-06,11208.55,21092024306.26
2019-07-07,11450.85,19369044276.90
2019-07-08,12285.96,23482551458.31
2019-07-09,12573.81,28167921522.62
2019-07-10,12156.51,33627574244.06
2019-07-11,11358.66,28595327690.10
2019-07-12,11815.99,23534692796.61
2019-07-13,11392.38,21042616383.56
2019-07-14,10256.06,22486000001.35
2019-07-15,10895.09,25384047206.61
2019-07-16,9477.64,24151199069.75
2019-07-17,9693.80,24569921548.67
2019-07-18,10666.48,25187024648.17
2019-07-19,10530.73,20727426309.59
2019-07-20,10767.14,20206615154.65
2019-07-21,10599.11,17130580467.04
2019-07-22,10343.11,16334414913.20
2019-07-23,9900.77,17851916994.61
2019-07-24,9811.93,17398734321.63
2019-07-25,9911.84,15821952090.47
2019-07-26,9870.30,14495714483.23
2019-07-27,9477.68,16817809536.37
2019-07-28,9552.86,13738687092.78
2019-07-29,9519.15,13791445323.24
2019-07-30,9607.42,13829811132.08
2019-07-31,10085.63,16631520647.75
2019-08-01,10399.67,17165337857.81
2019-08-02,10518.17,17489094081.70
2019-08-03,10821.73,15352685060.58
2019-08-04,10970.18,16530894786.81
2019-08-05,11805.65,23875988832.34
2019-08-06,11478.17,23635107659.81
2019-08-07,11941.97,22194988641.22
2019-08-08,11966.41,19481591729.52
2019-08-09,11862.94,18339989959.51
2019-08-10,11354.02,18125355447.05
2019-08-11,11523.58,15774371517.99
2019-08-12,11382.62,13647198229.01
2019-08-13,10895.83,16681503536.97
2019-08-14,10051.70,19990838299.88
2019-08-15,10311.55,22899115082.14
2019-08-16,10374.34,20228207096.36
2019-08-17,10231.74,13778035685.02
2019-08-18,10345.81,12999813869.05
2019-08-19,10916.05,16038264603.26
2019-08-20,10763.23,15053082175.36
2019-08-21,10138.05,19473084767.83
2019-08-22,10131.06,17097508856.24
2019-08-23,10407.97,15627023886.22
2019-08-24,10159.96,15451030650.36
2019-08-25,10138.52,14153856609.65
2019-08-26,10370.82,18438654079.53
2019-08-27,10185.50,14762609502.77
2019-08-28,9754.42,17603790323.11
2019-08-29,9510.20,17045878500.79
2019-08-30,9598.17,13595263986.44
2019-08-31,9630.66,11454806419.01
2019-09-01,9757.97,11445355859.37
2019-09-02,10346.76,17248102293.80
2019-09-03,10623.54,19384917988.71
2019-09-04,10594.49,16742664768.54
2019-09-05,10575.53,14551239507.98
2019-09-06,10353.30,19536574782.88
2019-09-07,10517.25,15307366476.45
2019-09-08,10441.28,13670567492.76
2019-09-09,10334.97,17595943367.96
2019-09-10,10115.98,14906809639.11
2019-09-11,10178.37,15428063426.07
2019-09-12,10410.13,15323563925.02
2019-09-13,10360.55,14109864674.71
2019-09-14,10358.05,13468713124.12
2019-09-15,10347.71,12043433567.35
2019-09-16,10276.79,15160167778.76
2019-09-17,10241.27,15304603363.06
2019-09-18,10198.25,16169268880.20
2019-09-19,10266.41,19937691247.04
2019-09-20,10181.64,14734189639.28
2019-09-21,10019.72,13425266806.33
2019-09-22,10070.39,13199651698.47
2019-09-23,9729.32,15144925408.11
2019-09-24,8620.57,25002886688.93
2019-09-25,8486.99,21744728352.61
2019-09-26,8118.97,19258205289.35
2019-09-27,8251.85,16408941155.51
2019-09-28,8245.92,14141152736.19
2019-09-29,8104.19,13034629108.50
2019-09-30,8293.87,17115474183.47
2019-10-01,8343.28,15305343412.83
2019-10-02,8393.04,13125712442.69
2019-10-03,8259.99,13668823409.37
2019-10-04,8205.94,13139456229.41
2019-10-05,8151.50,12200497197.22
2019-10-06,7988.16,13160830305.19
2019-10-07,8245.62,18009742607.44
2019-10-08,8228.78,15592264032.12
2019-10-09,8595.74,19384942333.22
2019-10-10,8586.47,17618660671.42
2019-10-11,8321.76,19604381101.23
2019-10-12,8336.56,14532641604.53
2019-10-13,8321.01,13808286058.98
2019-10-14,8374.69,15151387859.02
2019-10-15,8205.37,15220412631.58
2019-10-16,8047.53,16071646995.52
2019-10-17,8103.91,14313052244.08
2019-10-18,7973.21,15651592610.22
2019-10-19,7988.56,13797825640.24
2019-10-20,8222.08,15504249442.11
2019-10-21,8243.72,15868748865.70
2019-10-22,8078.20,16803377856.54
2019-10-23,7514.67,21942878957.54
2019-10-24,7493.49,16268708848.76
2019-10-25,8660.70,28705065488.25
2019-10-26,9244.97,44496255608.75
2019-10-27,9551.71,32593129500.74
2019-10-28,9256.15,30948255331.82
2019-10-29,9427.69,28426779937.41
2019-10-30,9205.73,27706531577.46
2019-10-31,9199.58,26583653946.63
2019-11-01,9261.10,24324691031.33
2019-11-02,9324.72,21242676385.33
2019-11-03,9235.35,21132220847.49
2019-11-04,9412.61,26170255634.42
2019-11-05,9342.53,26198609047.84
2019-11-06,9360.88,23133895764.61
2019-11-07,9267.56,22700383838.52
2019-11-08,8804.88,24333037836.15
2019-11-09,8813.58,17578630605.92
2019-11-10,9055.53,20587919881.03
2019-11-11,8757.79,20265510765.31
2019-11-12,8815.66,20309769107.26
2019-11-13,8808.26,17545755404.60
2019-11-14,8708.10,19084739974.57
2019-11-15,8491.99,21796856471.09
2019-11-16,8550.76,16495389808.41
2019-11-17,8577.98,18668638896.63
2019-11-18,8309.29,21579470673.41
2019-11-19,8206.15,21083613815.95
2019-11-20,8027.27,20764300436.84
2019-11-21,7642.75,22514243371.47
2019-11-22,7296.58,34242315784.81
2019-11-23,7397.80,21008924417.70
2019-11-24,7047.92,30433517289.47
2019-11-25,7146.13,42685231261.74
2019-11-26,7218.37,21129505542.49
2019-11-27,7531.66,23991412764.14
2019-11-28,7463.11,19050116751.27
2019-11-29,7761.24,19709695455.78
2019-11-30,7569.63,17158194786.41
2019-12-01,7424.29,18720708479.35
2019-12-02,7321.99,17082040705.78
2019-12-03,7320.15,14797485769.10
2019-12-04,7252.03,21664240918.45
2019-12-05,7448.31,18816085231.30
2019-12-06,7547.00,18104466306.77
2019-12-07,7556.24,15453520564.06
2019-12-08,7564.35,15409908086.20
2019-12-09,7400.90,17872021272.39
2019-12-10,7278.12,18249031194.89
2019-12-11,7217.43,16350490689.28
2019-12-12,7243.13,18927080224.02
2019-12-13,7269.68,17125736940.17
2019-12-14,7124.67,17137029729.95
2019-12-15,7152.30,16881129804.30
2019-12-16,6932.48,20213265949.62
2019-12-17,6640.52,22363804217.34
2019-12-18,7276.80,31836522778.20
2019-12-19,7202.84,25904604415.96
2019-12-20,7218.82,22633815180.05
2019-12-21,7191.16,19312552168.11
2019-12-22,7511.59,23134537956.15
2019-12-23,7355.63,27831788041.21
2019-12-24,7322.53,22991622105.41
2019-12-25,7275.16,21559505148.81
2019-12-26,7238.97,22787010034.35
2019-12-27,7290.09,22777360995.57
2019-12-28,7317.99,21365673026.12
2019-12-29,7422.65,22445257701.74
2019-12-30,7293.00,22874131671.99
2019-12-31,7193.60,21167946112.30
2020-01-01,7200.17,18565664996.79
2020-01-02,6985.47,20802083465.33
2020-01-03,7344.88,28111481031.94
2020-01-04,7410.66,18444271274.76
2020-01-05,7411.32,19725074094.54
2020-01-06,7769.22,23276261598.25
2020-01-07,8163.69,28767291326.97
2020-01-08,8079.86,31672559264.52
2020-01-09,7879.07,24045990465.65
2020-01-10,8166.55,28714583843.78
2020-01-11,8037.54,25521165085.37
2020-01-12,8192.49,22903438381.39
2020-01-13,8144.19,22482910687.90
2020-01-14,8827.76,44841784107.18
2020-01-15,8807.01,40102834649.97
2020-01-16,8723.79,31313981930.82
2020-01-17,8929.04,36372139320.44
2020-01-18,8942.81,32337772626.80
2020-01-19,8706.25,34217320471.40
2020-01-20,8657.64,26422375678.05
2020-01-21,8745.89,24097418512.01
2020-01-22,8680.88,22600204050.58
2020-01-23,8406.52,25770680778.69
2020-01-24,8445.43,24397913025.68
2020-01-25,8367.85,19647331548.68
2020-01-26,8596.83,22177678795.56
2020-01-27,8909.82,28647338393.17
2020-01-28,9358.59,34398744402.69
2020-01-29,9316.63,30682598115.46
2020-01-30,9508.99,32378792850.88
2020-01-31,9350.53,29432489719.13
2020-02-01,9392.88,25922656496.18
2020-02-02,9344.37,30835736946.11
2020-02-03,9293.52,30934096508.74
2020-02-04,9180.96,29893183716.09
2020-02-05,9613.42,35222060874.46
2020-02-06,9729.80,37628823715.51
2020-02-07,9795.94,34522718159.47
2020-02-08,9865.12,35172043761.83
2020-02-09,10116.67,35807884663.42
2020-02-10,9856.61,39386548074.70
2020-02-11,10208.24,37648059388.69
2020-02-12,10326.05,43444303830.23
2020-02-13,10214.38,49356071372.93
2020-02-14,10312.12,43338264161.56
2020-02-15,9889.42,43865054831.00
2020-02-16,9934.43,43374780305.44
2020-02-17,9690.14,45998298412.60
2020-02-18,10142.00,47271023953.43
2020-02-19,9633.39,46992019709.92
2020-02-20,9608.48,44925260236.83
2020-02-21,9686.44,40930547512.66
2020-02-22,9663.18,35838025154.26
2020-02-23,9924.52,41185185761.49
2020-02-24,9650.17,45080496648.35
2020-02-25,9341.71,42515259129.21
2020-02-26,8820.52,50420050761.92
2020-02-27,8784.49,45470195695.09
2020-02-28,8672.46,44605450442.74
2020-02-29,8599.51,35792392544.01
2020-03-01,8562.45,35349164300.14
2020-03-02,8869.67,42857674408.88
2020-03-03,8787.79,42386715820.56
2020-03-04,8755.25,34746706368.15
2020-03-05,9078.76,39698054597.43
2020-03-06,9122.55,40826885650.94
2020-03-07,8909.95,36216930369.67
2020-03-08,8108.12,39973102120.57
2020-03-09,7923.64,46936995808.18
2020-03-10,7909.73,42213940993.61
2020-03-11,7911.43,38682762604.64
2020-03-12,4970.79,53980357243.05
2020-03-13,5563.71,74156772074.96
2020-03-14,5200.37,36154506007.58
2020-03-15,5392.31,33997889638.76
2020-03-16,5014.48,45368026429.62
2020-03-17,5225.63,38622642935.25
2020-03-18,5238.44,37878801016.34
2020-03-19,6191.19,51000731797.43
2020-03-20,6198.78,54442976102.51
2020-03-21,6185.07,42494390879.61
2020-03-22,5830.25,40099664740.06
2020-03-23,6416.31,46491915999.72
2020-03-24,6734.80,48221910672.25
2020-03-25,6681.06,44590107887.94
2020-03-26,6716.44,35319797641.53
2020-03-27,6469.80,34585598366.55
2020-03-28,6242.19,34885225901.01
2020-03-29,5922.04,28373690930.54
2020-03-30,6429.84,37101651525.30
2020-03-31,6438.64,32786468812.08
2020-04-01,6606.78,40346426265.73
2020-04-02,6793.62,47660646124.41
2020-04-03,6733.39,38976504902.97
2020-04-04,6867.53,33185988583.80
2020-04-05,6791.13,29510409856.11
2020-04-06,7271.78,46896904614.93
2020-04-07,7176.41,44243482667.85
2020-04-08,7334.10,37563249548.94
2020-04-09,7302.09,34815139177.59
2020-04-10,6865.49,43622840991.71
2020-04-11,6859.08,31222085946.27
2020-04-12,6971.09,35759567632.29
2020-04-13,6845.04,38619308647.44
2020-04-14,6842.43,34110434051.86
2020-04-15,6642.11,32288311030.76
2020-04-16,7116.80,46783242376.70
2020-04-17,7096.18,32513423567.43
2020-04-18,7257.66,32447188385.93
2020-04-19,7189.42,31311210215.32
2020-04-20,6881.96,37747113935.85
2020-04-21,6880.32,32589741510.73
2020-04-22,7117.21,33249153865.76
2020-04-23,7429.72,43500782316.07
2020-04-24,7550.90,34636526285.80
2020-04-25,7569.94,32941541446.93
2020-04-26,7679.87,33070154490.75
2020-04-27,7795.60,36162144724.71
2020-04-28,7807.06,33187959920.92
2020-04-29,8801.04,60201052202.54
2020-04-30,8658.55,66964629541.31
2020-05-01,8864.77,44068389996.94
2020-05-02,8988.60,40134388683.23
2020-05-03,8897.47,47101785174.26
2020-05-04,8912.65,45718796275.55
2020-05-05,9003.07,43148462663.17
2020-05-06,9268.76,49371886931.48
2020-05-07,9951.52,61112700562.08
2020-05-08,9842.67,51780748041.95
2020-05-09,9593.90,46566121841.11
2020-05-10,8756.43,63325279336.96
2020-05-11,8601.80,57119858801.94
2020-05-12,8804.48,42142717533.17
2020-05-13,9269.99,45558144023.02
2020-05-14,9733.72,56426907637.29
2020-05-15,9328.20,48158802327.34
2020-05-16,9377.01,36164766407.63
2020-05-17,9670.74,40084250662.96
2020-05-18,9726.57,41827139895.62
2020-05-19,9729.04,39254288954.98
2020-05-20,9522.98,36546239702.55
2020-05-21,9081.76,39326160532.43
2020-05-22,9182.58,29810773699.23
2020-05-23,9209.29,27727866811.67
2020-05-24,8790.37,32518803299.58
2020-05-25,8906.93,31288157264.19
2020-05-26,8835.05,29584186947.02
2020-05-27,9181.02,32740536902.33
2020-05-28,9525.75,34367073114.46
2020-05-29,9439.12,32896642044.26
2020-05-30,9700.41,32722975141.20
2020-05-31,9461.06,27773290298.51
2020-06-01,10167.27,35198901068.39
2020-06-02,9529.80,39137252108.67
2020-06-03,9656.72,25007459262.16
2020-06-04,9800.64,25921805071.98
2020-06-05,9665.53,23509628646.20
2020-06-06,9653.68,20438419222.33
2020-06-07,9758.85,25015250845.66
2020-06-08,9771.49,21486346311.91
2020-06-09,9795.70,23717842782.98
2020-06-10,9870.09,25706567600.57
2020-06-11,9321.78,30247143440.18
2020-06-12,9480.84,22610564515.31
2020-06-13,9475.28,17564322315.20
2020-06-14,9386.79,18991732745.51
2020-06-15,9450.70,26699704768.46
2020-06-16,9538.02,21565537208.86
2020-06-17,9480.26,20177709879.15
2020-06-18,9411.84,17770083002.70
2020-06-19,9288.02,19632223107.38
2020-06-20,9332.34,17130541557.31
2020-06-21,9303.63,15324301168.83
2020-06-22,9648.72,21104009513.97
2020-06-23,9629.66,17006433272.04
2020-06-24,9313.61,18961716075.60
2020-06-25,9264.81,18616048626.11
2020-06-26,9162.92,18341465836.60
2020-06-27,9045.39,17273093144.40
2020-06-28,9143.58,14560870760.22
2020-06-29,9190.85,16460547078.04
2020-06-30,9137.99,15735797743.99
2020-07-01,9228.33,15971550355.23
2020-07-02,9123.41,16338916796.02
2020-07-03,9087.30,13078970998.64
2020-07-04,9132.49,12290528515.11
2020-07-05,9073.94,12903406143.35
2020-07-06,9375.47,17889263251.96
2020-07-07,9252.28,13839652594.65
2020-07-08,9428.33,19702359882.90
2020-07-09,9277.97,18000702524.13
2020-07-10,9278.81,16860035604.80
2020-07-11,9240.35,13249910444.07
2020-07-12,9276.50,14452361906.81
2020-07-13,9243.61,17519821266.48
2020-07-14,9243.21,18085038362.45
2020-07-15,9192.84,15844731575.20
2020-07-16,9132.23,15713967522.66
2020-07-17,9151.39,13944570749.50
2020-07-18,9159.04,12252601474.79
2020-07-19,9185.82,12939002784.01
2020-07-20,9164.23,13755604145.72
2020-07-21,9374.89,18069581955.55
2020-07-22,9525.36,16532254884.44
2020-07-23,9581.07,18146399001.70
2020-07-24,9536.89,16552768324.66
2020-07-25,9677.11,16610070932.79
2020-07-26,9905.17,20507998996.69
2020-07-27,10990.87,35359749590.12
2020-07-28,10912.82,28766551141.78
2020-07-29,11100.47,24617249714.51
2020-07-30,11111.21,22857247900.67
2020-07-31,11323.47,23160469766.39
2020-08-01,11759.59,26075670302.80
2020-08-02,11053.61,27410067336.02
2020-08-03,11246.35,20271713443.26
2020-08-04,11205.89,21250197042.20
2020-08-05,11747.02,24411254471.12
2020-08-06,11779.77,23400740340.13
2020-08-07,11601.47,23132312867.15
2020-08-08,11754.05,17572057837.41
2020-08-09,11675.74,17489608833.29
2020-08-10,11878.11,26114112569.42
2020-08-11,11410.53,27039782639.91
2020-08-12,11584.93,25064548486.49
2020-08-13,11784.14,27522199497.23
2020-08-14,11768.87,24237958589.06
2020-08-15,11865.70,23354924400.34
2020-08-16,11892.80,20583375490.17
2020-08-17,12254.40,28227687026.77
2020-08-18,11991.23,26043227671.88
2020-08-19,11758.28,24502851117.26
2020-08-20,11878.37,20175242944.67
2020-08-21,11592.49,23762425998.95
2020-08-22,11681.83,20224191305.96
2020-08-23,11664.85,18482062657.80
2020-08-24,11774.60,20681511754.57
2020-08-25,11366.14,26301509931.93
2020-08-26,11488.36,22466660957.63
2020-08-27,11323.40,23240415075.98
2020-08-28,11542.50,19807127587.51
2020-08-29,11506.87,17485597759.14
2020-08-30,11711.51,19760127944.66
2020-08-31,11680.82,22285928250.31
2020-09-01,11970.48,27311555343.11
2020-09-02,11414.03,28037405298.84
2020-09-03,10245.30,31927261554.77
2020-09-04,10511.81,29965130373.75
2020-09-05,10169.57,44916565291.55
2020-09-06,10280.35,37071460174.47
2020-09-07,10369.56,33703098409.31
2020-09-08,10131.52,33430927462.23
2020-09-09,10242.35,24128292754.85
2020-09-10,10363.14,54406443210.51
2020-09-11,10400.91,45201121774.78
2020-09-12,10442.17,36750077323.54
2020-09-13,10323.76,36506852789.30
2020-09-14,10680.84,35453581939.72
2020-09-15,10796.95,32509451925.05
2020-09-16,10974.90,30769986454.53
2020-09-17,10948.99,38151810523.05
2020-09-18,10944.59,26341903912.39
2020-09-19,11094.35,22764204007.57
2020-09-20,10938.27,24699523787.72
2020-09-21,10462.26,28884999243.67
2020-09-22,10538.46,23621787803.58
2020-09-23,10246.19,23788661866.99
2020-09-24,10760.07,47144380901.69
2020-09-25,10692.72,39348590957.36
2020-09-26,10750.72,46852525492.63
2020-09-27,10775.27,53745972818.15
2020-09-28,10709.65,47762394730.65
2020-09-29,10844.64,46582396602.08
2020-09-30,10784.49,44171073700.19
2020-10-01,10619.45,40023134099.57
2020-10-02,10575.98,48661453917.96
2020-10-03,10549.33,44660271563.32
2020-10-04,10669.58,71251776994.76
2020-10-05,10793.34,47537578008.85
2020-10-06,10604.41,42623695307.43
2020-10-07,10668.97,37799458435.80
2020-10-08,10915.69,63314794397.11
2020-10-09,11064.46,22799117612.79
2020-10-10,11296.36,22877978587.76
2020-10-11,11384.18,19968627059.96
2020-10-12,11555.36,26163972641.65
2020-10-13,11425.90,24241420250.86
2020-10-14,11429.51,24103426719.26
2020-10-15,11495.35,24487233057.77
2020-10-16,11322.12,25635480771.68
2020-10-17,11358.10,19130430173.84
2020-10-18,11483.36,18283314340.34
2020-10-19,11742.04,23860769927.72
2020-10-20,11916.34,30915821592.10
2020-10-21,12823.69,43414712626.05
2020-10-22,12965.89,34729759598.05
2020-10-23,12931.54,28974975002.91
2020-10-24,13108.06,24542317939.96
2020-10-25,13031.17,24406920575.04
2020-10-26,13075.25,29461458313.16
2020-10-27,13654.22,33749878155.99
2020-10-28,13271.29,35867318894.92
2020-10-29,13437.88,56499499598.28
2020-10-30,13546.52,30581485200.68
2020-10-31,13780.99,30306464718.76
2020-11-01,13737.11,24453857900.09
2020-11-02,13550.49,30771455467.79
2020-11-03,13950.30,29869951617.25
2020-11-04,14133.71,35116364961.76
2020-11-05,15579.85,40856321438.54
2020-11-06,15565.88,39837841971.45
2020-11-07,14833.75,35024953705.62
2020-11-08,15479.57,26632075028.85
2020-11-09,15332.32,34149115565.70
2020-11-10,15290.90,25574938143.15
2020-11-11,15701.34,29772374934.01
2020-11-12,16276.34,34175758344.06
2020-11-13,16317.81,31599492172.18
2020-11-14,16068.14,27481710135.41
2020-11-15,15955.59,23653867582.70
2020-11-16,16716.11,31526766675.19
2020-11-17,17645.41,39006849169.81
2020-11-18,17804.01,49064800277.87
2020-11-19,17817.09,36985055355.39
2020-11-20,18621.31,36992873939.99
2020-11-21,18642.23,39650210707.30
2020-11-22,18370.00,41280434225.93
2020-11-23,18364.12,42741112307.90
2020-11-24,19107.46,51469565008.67
2020-11-25,18732.12,43710357371.46
2020-11-26,17150.62,61396835736.94
2020-11-27,17108.40,38886494645.12
2020-11-28,17717.42,32601040733.64
2020-11-29,18177.48,31133957704.27
2020-11-30,19625.84,47728480399.28
2020-12-01,18803.00,49633658712.12
2020-12-02,19201.09,37387697138.68
2020-12-03,19445.40,31930317405.27
2020-12-04,18699.77,33872388057.72
2020-12-05,19154.23,27242455063.89
2020-12-06,19345.12,25293775713.52
2020-12-07,19191.63,26896357742.24
2020-12-08,18321.14,31692288756.38
2020-12-09,18553.92,34420373070.86
2020-12-10,18264.99,25547132265.47
2020-12-11,18058.90,27919640985.34
2020-12-12,18803.66,21752580801.79
2020-12-13,19142.38,25450468636.54
2020-12-14,19246.64,22473997681.14
2020-12-15,19417.08,26741982541.50
2020-12-16,21310.60,44409011479.22
2020-12-17,22805.16,71378606373.62
2020-12-18,23137.96,40387896274.68
2020-12-19,23869.83,38487546579.56
2020-12-20,23477.30,37844228421.87
2020-12-21,22803.08,45852713980.89
2020-12-22,23783.03,44171632680.60
2020-12-23,23241.34,51146161904.32
2020-12-24,23735.95,41080759712.62
2020-12-25,24664.79,42068395845.63
2020-12-26,26437.04,48332647295.43
2020-12-27,26272.29,66479895605.09
2020-12-28,27084.81,49056742892.61
2020-12-29,27362.44,45265946774.40
2020-12-30,28840.95,51287442703.98
2020-12-31,29001.72,46754964848.19
2021-01-01,29374.15,40730301358.64
2021-01-02,32127.27,67865420765.46
2021-01-03,32782.02,78665235201.84
2021-01-04,31971.91,81163475344.18
2021-01-05,33992.43,67547324781.68
2021-01-06,36824.36,75289433810.59
2021-01-07,39371.04,84762141031.49
2021-01-08,40797.61,88107519479.50
2021-01-09,40254.55,61984162837.07
2021-01-10,38356.44,79980747690.35
2021-01-11,35566.66,123320567398.62
2021-01-12,33922.96,74773277909.46
2021-01-13,37316.36,69364315979.28
2021-01-14,39187.33,63615990033.01
2021-01-15,36825.37,67760757880.72
2021-01-16,36178.14,57706187875.10
2021-01-17,35791.28,52359854336.21
2021-01-18,36630.08,49511702429.35
2021-01-19,36069.81,57244195485.50
2021-01-20,35547.75,66834573161.30
2021-01-21,30825.70,75643067687.74
2021-01-22,33005.76,77207272511.13
2021-01-23,32067.64,48354737975.29
2021-01-24,32289.38,48643830599.36
2021-01-25,32366.39,59897054837.94
2021-01-26,32569.85,60255421470.41
2021-01-27,30432.55,62576762015.47
2021-01-28,33466.10,76517157706.32
2021-01-29,34316.39,117894572510.68
2021-01-30,34269.52,65141828798.26
2021-01-31,33114.36,52754542671.38
2021-02-01,33537.18,61400400660.27
2021-02-02,35510.29,63088585433.12
2021-02-03,37472.09,61166818158.83
2021-02-04,36926.06,68838074391.61
2021-02-05,38144.31,58598066402.24
2021-02-06,39266.01,71326033652.98
2021-02-07,38903.44,65500641143.12
2021-02-08,46196.46,101467222686.67
2021-02-09,46481.10,91809846885.69
2021-02-10,44918.18,87301089896.44
2021-02-11,47909.33,81388911809.85
2021-02-12,47504.85,76555041195.79
2021-02-13,47105.52,70250456155.05
2021-02-14,48717.29,71248675228.22
2021-02-15,47945.06,77069903166.39
2021-02-16,49199.87,77049582885.51
2021-02-17,52149.01,80820545404.32
2021-02-18,51679.80,52054723578.67
2021-02-19,55888.13,63495496917.85
2021-02-20,56099.52,68145460025.92
2021-02-21,57539.94,51897585190.58
2021-02-22,54207.32,92052420331.57
2021-02-23,48824.43,106102492824.11
2021-02-24,49705.33,63695521388.34
2021-02-25,47093.85,54506565949.11
2021-02-26,46339.76,350967941479.06
2021-02-27,46188.45,45910946381.80
2021-02-28,45137.77,53443887450.79
